{
  "train_loss": [
    0.7099709987640381,
    0.6792726516723633,
    0.6922915935516357,
    0.7097641468048096,
    0.7069563865661621,
    0.6755356788635254,
    0.6961793422698974,
    0.7040226936340332,
    0.6956126689910889,
    0.6836926937103271,
    0.7126378059387207,
    0.7077095031738281,
    0.6996078491210938,
    0.6679397106170655,
    0.6953787803649902,
    0.7020442008972168,
    0.6905059337615966,
    0.6769297599792481,
    0.690715742111206,
    0.6903504848480224,
    0.6900134086608887,
    0.7014440059661865,
    0.6973546504974365,
    0.682863426208496,
    0.6648213863372803,
    0.7108378887176514,
    0.6875689506530762,
    0.7139834403991699,
    0.6774196147918701,
    0.7045494079589844,
    0.6797226905822754,
    0.6854479789733887,
    0.6929524898529053,
    0.6658697128295898,
    0.6800524711608886,
    0.6782250881195069,
    0.6879208087921143,
    0.6827507019042969,
    0.6772482395172119,
    0.6874592304229736,
    0.6879825115203857,
    0.7026027202606201,
    0.699831485748291,
    0.6777985572814942,
    0.6827822208404541,
    0.7287503242492676,
    0.6795902252197266,
    0.6794106483459472,
    0.6686765193939209,
    0.6983976364135742,
    0.6721180438995361,
    0.6627344131469727,
    0.7114758968353272,
    0.6768675804138183,
    0.6882598876953125,
    0.6718554019927978,
    0.6743707656860352,
    0.6661382675170898,
    0.6714999198913574,
    0.6834278583526612,
    0.662311601638794,
    0.6695267200469971
  ],
  "eval_loss": [
    0.6882508397102356,
    0.683627188205719,
    0.6826224327087402,
    0.6818902492523193,
    0.6816930174827576,
    0.680524468421936
  ],
  "rewards_chosen": [
    0.0025339493062347175,
    0.02926543211797252,
    0.032790485420264304,
    0.014611194597091526,
    0.004262787674088031,
    0.07592021506279707,
    0.038426171010360125,
    0.021550142555497587,
    0.04186241000425071,
    0.033624457090627405,
    0.05669849680271,
    0.0487206419929862,
    0.073698584549129,
    0.10892750995699316,
    0.09182132394053041,
    0.054853431810624895,
    0.07955881138332188,
    0.07979336210992187,
    0.11068600336438976,
    0.12103595938533544,
    0.10041103982366621,
    0.15200441987253727,
    0.10384423455689103,
    0.1297855787910521,
    0.16318477959139271,
    0.07560423100367189,
    0.12268406230723486,
    0.12376728188246489,
    0.13679036662451835,
    0.12166699522931594,
    0.12111453686957248,
    0.17850202969275414,
    0.1733806065749377,
    0.1437044182093814,
    0.17601556642912328,
    0.1818583082407713,
    0.15806210744194688,
    0.17007940770126878,
    0.1992597089963965,
    0.1540117420721799,
    0.12677087499760092,
    0.12753588875057176,
    0.1252040127874352,
    0.17437105220742524,
    0.13828000009525568,
    0.13050561205018313,
    0.14354370003566147,
    0.14857015353627503,
    0.19938708194531501,
    0.11778819556348026,
    0.18308301449287684,
    0.153596320503857,
    0.16089627407491208,
    0.1627656126860529,
    0.09690780579112471,
    0.21336770607158542,
    0.1846340991090983,
    0.16802907758392394,
    0.18993302127346395,
    0.16170198677573352,
    0.19117226395756007,
    0.17068885480985047,
    0.17716513751074672
  ],
  "rewards_rejected": [
    0.027530622202903032,
    -0.012139544263482094,
    0.019964433065615593,
    0.03452189117670059,
    0.02162607666105032,
    0.02717686688993126,
    0.03246536906808615,
    0.025063161691650748,
    0.03657917063683271,
    -0.002663475042209029,
    0.07820631373906509,
    0.06262540409807116,
    0.07475556551944465,
    0.046750052575953306,
    0.08097924813628196,
    0.05643152119591832,
    0.057094722194597124,
    0.027034262532833964,
    0.09143606795696542,
    0.09870143635198474,
    0.08182215811684727,
    0.15165374625939876,
    0.10103959352709353,
    0.09357535990420729,
    0.08748686937615276,
    0.09844417702406645,
    0.09728784745093436,
    0.15181454680860043,
    0.08917540300171822,
    0.13013730408856644,
    0.08261377660091966,
    0.14458195802289991,
    0.15503483917564154,
    0.0742655344074592,
    0.13488036612980067,
    0.13526237489422782,
    0.1343378207180649,
    0.13440270381979644,
    0.15333704591030256,
    0.12690901334863156,
    0.10409943237900735,
    0.13342911396175622,
    0.12087765061296522,
    0.12575405163224787,
    0.10191555633209645,
    0.18049151350278408,
    0.09938030333723873,
    0.10135296965017915,
    0.12987039338331668,
    0.11200778409838677,
    0.11913916319608689,
    0.0772350660758093,
    0.1815171567723155,
    0.10907299974933267,
    0.07693197381449864,
    0.1492688732687384,
    0.1267414880421711,
    0.09817762307357043,
    0.12719180270796643,
    0.12600427835714073,
    0.11122815324924887,
    0.1082044675014913,
    0.10631706726271659
  ],
  "reward_margins": [
    -0.02499667485244572,
    0.0414049762301147,
    0.012826051411684603,
    -0.019910695729777217,
    -0.017363288067281248,
    0.04874334884807467,
    0.005960801267065108,
    -0.003513019438832998,
    0.005283237528055906,
    0.03628793177194893,
    -0.021507817227393387,
    -0.013904763921163975,
    -0.0010569815058261156,
    0.06217745619360358,
    0.01084207445383072,
    -0.0015780909918248654,
    0.02246408970095217,
    0.05275909884367138,
    0.019249933678656815,
    0.022334521799348295,
    0.018588881706818938,
    0.0003506758715957403,
    0.0028046432882547377,
    0.036210216232575476,
    0.07569791144924239,
    -0.022839946602471174,
    0.025396212725900112,
    -0.028047263505868614,
    0.047614964516833426,
    -0.008470307849347592,
    0.03850076114758849,
    0.033920071506872776,
    0.018345769215375184,
    0.06943888554815203,
    0.04113519983366132,
    0.04659593617543578,
    0.023724288027733565,
    0.03567670397460461,
    0.045922668860293926,
    0.027102725161239506,
    0.02267144271172583,
    -0.005893227155320346,
    0.00432636346668005,
    0.04861699771136045,
    0.03636444406583905,
    -0.04998590010218322,
    0.044163395185023546,
    0.047217188077047466,
    0.06951668867841362,
    0.005780414305627346,
    0.06394385017920286,
    0.07636125581339001,
    -0.020620886981487275,
    0.05369261521846056,
    0.019975830242037772,
    0.06409883676096798,
    0.057892612856812777,
    0.06985145471990109,
    0.06274121925234795,
    0.03569771014153957,
    0.0799441097304225,
    0.06248438935726881,
    0.07084807269275188
  ],
  "train_steps": [
    10,
    20,
    30,
    40,
    50,
    60,
    70,
    80,
    90,
    100,
    110,
    120,
    130,
    140,
    150,
    160,
    170,
    180,
    190,
    200,
    210,
    220,
    230,
    240,
    250,
    260,
    270,
    280,
    290,
    300,
    310,
    320,
    330,
    340,
    350,
    360,
    370,
    380,
    390,
    400,
    410,
    420,
    430,
    440,
    450,
    460,
    470,
    480,
    490,
    500,
    510,
    520,
    530,
    540,
    550,
    560,
    570,
    580,
    590,
    600,
    610,
    620
  ],
  "eval_steps": [
    100,
    200,
    300,
    400,
    500,
    600
  ],
  "training_time_seconds": 2123.168145418167,
  "peak_memory_gb": 44.305878016,
  "final_loss": 0.6877762241363525,
  "train_runtime": 2122.8179
}