{
  "train_loss": [
    1.4662505324929953,
    1.4870653487741947,
    1.2748032979667188,
    1.3327108502388,
    1.4636597447097301,
    1.399499313533306,
    1.2149886641651393,
    1.2143208015710116,
    1.4179569140076638,
    1.5085332676768304,
    1.1544760271906853,
    1.036987067386508,
    1.5742769174277782,
    1.4040655329823495,
    1.2532341279089452,
    1.1482671234291046,
    1.216820389404893,
    1.1723119616508484,
    1.3677200585603715,
    1.5316618572920562,
    1.5168556855991482,
    1.3218095742166043,
    1.4590067721903324,
    1.4229625806678086,
    1.4653950788080692,
    1.357985995709896,
    1.2972654864192008,
    1.1769079768564552,
    1.2680357655510306,
    1.4518102169036866,
    1.3362865757197142,
    1.4243383416906,
    1.2444179676473142,
    1.3390105446800589,
    1.2426889166235924,
    1.3325558178126813,
    1.3805111840367317,
    1.408563308045268,
    1.3257757775485515,
    1.368098484352231,
    1.2150329500436783,
    1.303865411132574,
    1.3372651705518366,
    1.2731241907924413,
    1.2351855795830489,
    1.3558703668415546,
    1.5378090359270573,
    1.4637309916317462,
    1.1497721023857594,
    1.3278446197509766,
    1.4874718353152274,
    1.1991961274296046,
    1.3007360965013504,
    1.3733044363558293,
    1.274890774488449,
    1.2106066688895225,
    1.2438479416072368,
    1.543078963458538,
    1.1215159032493829,
    1.3751990549266337,
    1.4071031153202056,
    1.3711861588060856
  ],
  "eval_loss": [],
  "rewards_chosen": [
    -2.1504364013671875,
    -3.4066295623779297,
    -2.731302499771118,
    -4.1474223136901855,
    -2.452932834625244,
    -2.5587620735168457,
    -2.09468412399292,
    -2.725839138031006,
    -2.6657252311706543,
    -3.5175256729125977,
    -2.227755308151245,
    -2.6657254695892334,
    -3.3815200328826904,
    -4.526181221008301,
    -3.9561209678649902,
    -1.8258252143859863,
    -2.3356499671936035,
    -3.457119941711426,
    -4.202883720397949,
    -2.1849920749664307,
    -3.3080968856811523,
    -2.2039036750793457,
    -2.8603029251098633,
    -1.9284307956695557,
    -2.4969606399536133,
    -1.9226632118225098,
    -1.9351186752319336,
    -2.3641018867492676,
    -3.3995108604431152,
    -2.4541375637054443,
    -3.3671693801879883,
    -2.0183162689208984,
    -1.7896101474761963,
    -4.630878448486328,
    -4.041084289550781,
    -3.2285070419311523,
    -3.2031283378601074,
    -2.4392662048339844,
    -2.381802797317505,
    -1.9430426359176636,
    -2.689556837081909,
    -4.110840797424316,
    -2.5519633293151855,
    -2.947917938232422,
    -3.77156925201416,
    -3.594649314880371,
    -5.217696189880371,
    -2.997384548187256,
    -2.6017661094665527,
    -2.239809989929199,
    -2.877385139465332,
    -2.4889039993286133,
    -1.729996681213379,
    -4.077824592590332,
    -2.821542978286743,
    -2.07350754737854,
    -2.6305313110351562,
    -3.7944374084472656,
    -3.21230411529541,
    -2.7232136726379395,
    -4.813930988311768,
    -1.7172374725341797
  ],
  "rewards_rejected": [
    -1.7976760864257812,
    -3.5115838050842285,
    -2.911688804626465,
    -2.525486946105957,
    -2.182636022567749,
    -2.8335771560668945,
    -3.0201549530029297,
    -2.9804375171661377,
    -2.618866443634033,
    -4.1057844161987305,
    -2.975142002105713,
    -2.6238465309143066,
    -3.2677206993103027,
    -2.8813915252685547,
    -3.9344208240509033,
    -2.941107749938965,
    -2.012328624725342,
    -3.8023934364318848,
    -4.07114839553833,
    -2.1140828132629395,
    -3.018362045288086,
    -2.103398561477661,
    -2.840559720993042,
    -1.6362767219543457,
    -2.1854963302612305,
    -2.2740111351013184,
    -2.4793944358825684,
    -2.3015918731689453,
    -3.4125542640686035,
    -4.421763896942139,
    -3.18961238861084,
    -2.620270013809204,
    -2.527498722076416,
    -3.226630687713623,
    -3.9442176818847656,
    -3.190824508666992,
    -3.1405441761016846,
    -1.66428804397583,
    -3.428361654281616,
    -2.1003355979919434,
    -2.9805173873901367,
    -3.5782344341278076,
    -2.5930235385894775,
    -3.55753755569458,
    -3.7093734741210938,
    -3.876626491546631,
    -3.124650239944458,
    -1.838310956954956,
    -2.083843469619751,
    -2.961641311645508,
    -3.676988363265991,
    -3.3675994873046875,
    -1.774989128112793,
    -4.400374412536621,
    -3.3770036697387695,
    -2.664933204650879,
    -2.809420585632324,
    -4.027584075927734,
    -3.658268451690674,
    -2.7458906173706055,
    -3.5014636516571045,
    -1.8406603336334229
  ],
  "reward_margins": [
    -0.35276031494140625,
    0.10495400428771973,
    0.18038636445999146,
    -1.6219351291656494,
    -0.2702968716621399,
    0.27481508255004883,
    0.9254708290100098,
    0.2545982599258423,
    -0.04685860872268677,
    0.5882585644721985,
    0.7473867535591125,
    -0.04187905788421631,
    -0.11379945278167725,
    -1.6447893381118774,
    -0.021700024604797363,
    1.115282654762268,
    -0.32332146167755127,
    0.34527361392974854,
    -0.1317352056503296,
    -0.07090914249420166,
    -0.2897348403930664,
    -0.10050523281097412,
    -0.01974308490753174,
    -0.2921541929244995,
    -0.3114641308784485,
    0.35134798288345337,
    0.5442757606506348,
    -0.06251019239425659,
    0.013043403625488281,
    1.9676262140274048,
    -0.17755675315856934,
    0.6019538044929504,
    0.7378883957862854,
    -1.4042476415634155,
    -0.09686625003814697,
    -0.037682533264160156,
    -0.06258416175842285,
    -0.77497798204422,
    1.0465587377548218,
    0.15729296207427979,
    0.2909606695175171,
    -0.5326064825057983,
    0.04106032848358154,
    0.6096197366714478,
    -0.06219601631164551,
    0.28197717666625977,
    -2.093045949935913,
    -1.1590735912322998,
    -0.5179226994514465,
    0.7218311429023743,
    0.7996033430099487,
    0.8786954879760742,
    0.04499250650405884,
    0.3225499391555786,
    0.5554606914520264,
    0.5914257168769836,
    0.17888915538787842,
    0.23314672708511353,
    0.44596439599990845,
    0.022677183151245117,
    -1.3124674558639526,
    0.12342280149459839
  ],
  "train_steps": [
    10,
    20,
    30,
    40,
    50,
    60,
    70,
    80,
    90,
    100,
    110,
    120,
    130,
    140,
    150,
    160,
    170,
    180,
    190,
    200,
    210,
    220,
    230,
    240,
    250,
    260,
    270,
    280,
    290,
    300,
    310,
    320,
    330,
    340,
    350,
    360,
    370,
    380,
    390,
    400,
    410,
    420,
    430,
    440,
    450,
    460,
    470,
    480,
    490,
    500,
    510,
    520,
    530,
    540,
    550,
    560,
    570,
    580,
    590,
    600,
    610,
    620
  ],
  "eval_steps": [],
  "training_time_seconds": 2530.7699184417725,
  "peak_memory_gb": 5.29969408,
  "final_loss": 1.3711861588060856,
  "train_runtime": 2530.7699184417725
}